-- --------------------------------------------------------
-- Host:                         127.0.0.1
-- Server version:               5.7.19-log - MySQL Community Server (GPL)
-- Server OS:                    Win64
-- HeidiSQL Version:             9.4.0.5125
-- --------------------------------------------------------

/*!40101 SET @OLD_CHARACTER_SET_CLIENT=@@CHARACTER_SET_CLIENT */;
/*!40101 SET NAMES utf8 */;
/*!50503 SET NAMES utf8mb4 */;
/*!40014 SET @OLD_FOREIGN_KEY_CHECKS=@@FOREIGN_KEY_CHECKS, FOREIGN_KEY_CHECKS=0 */;
/*!40101 SET @OLD_SQL_MODE=@@SQL_MODE, SQL_MODE='NO_AUTO_VALUE_ON_ZERO' */;


-- Dumping database structure for bar_pos
CREATE DATABASE IF NOT EXISTS `bar_pos` /*!40100 DEFAULT CHARACTER SET utf8 */;
USE `bar_pos`;

-- Dumping structure for table bar_pos.bar_table
CREATE TABLE IF NOT EXISTS `bar_table` (
  `id` bigint(20) NOT NULL AUTO_INCREMENT,
  `available` bit(1) DEFAULT NULL,
  `number` int(11) NOT NULL,
  PRIMARY KEY (`id`),
  UNIQUE KEY `UK_ctxik5fhn81ya76i4sv7rjlvk` (`number`)
) ENGINE=InnoDB AUTO_INCREMENT=16 DEFAULT CHARSET=utf8;

-- Dumping data for table bar_pos.bar_table: ~15 rows (approximately)
/*!40000 ALTER TABLE `bar_table` DISABLE KEYS */;
INSERT INTO `bar_table` (`id`, `available`, `number`) VALUES
	(1, b'1', 1),
	(2, b'1', 2),
	(3, b'1', 3),
	(4, b'1', 4),
	(5, b'1', 5),
	(6, b'1', 6),
	(7, b'1', 7),
	(8, b'1', 8),
	(9, b'1', 9),
	(10, b'1', 10),
	(11, b'1', 11),
	(12, b'1', 12),
	(13, b'1', 13),
	(14, b'1', 14),
	(15, b'1', 15);
/*!40000 ALTER TABLE `bar_table` ENABLE KEYS */;

-- Dumping structure for table bar_pos.categories
CREATE TABLE IF NOT EXISTS `categories` (
  `id` bigint(20) NOT NULL AUTO_INCREMENT,
  `name` varchar(255) NOT NULL,
  PRIMARY KEY (`id`),
  UNIQUE KEY `UK_t8o6pivur7nn124jehx7cygw5` (`name`)
) ENGINE=InnoDB AUTO_INCREMENT=10 DEFAULT CHARSET=utf8;

-- Dumping data for table bar_pos.categories: ~9 rows (approximately)
/*!40000 ALTER TABLE `categories` DISABLE KEYS */;
INSERT INTO `categories` (`id`, `name`) VALUES
	(5, 'Beer'),
	(3, 'Cocktails'),
	(7, 'Gin'),
	(1, 'Hot drinks'),
	(2, 'Non-alcoholic drinks'),
	(9, 'Nuts'),
	(4, 'Shots'),
	(8, 'Vodka'),
	(6, 'Whiskey');
/*!40000 ALTER TABLE `categories` ENABLE KEYS */;

-- Dumping structure for table bar_pos.orders
CREATE TABLE IF NOT EXISTS `orders` (
  `id` bigint(20) NOT NULL AUTO_INCREMENT,
  `date` datetime DEFAULT NULL,
  `status` varchar(255) NOT NULL,
  `table_id` bigint(20) DEFAULT NULL,
  `user_id` bigint(20) DEFAULT NULL,
  PRIMARY KEY (`id`),
  KEY `FK_table_id` (`table_id`),
  KEY `FK_user_id` (`user_id`),
  CONSTRAINT `FK_table_id` FOREIGN KEY (`table_id`) REFERENCES `bar_table` (`id`),
  CONSTRAINT `FK_user_id` FOREIGN KEY (`user_id`) REFERENCES `users` (`id`)
) ENGINE=InnoDB AUTO_INCREMENT=101 DEFAULT CHARSET=utf8;

-- Dumping data for table bar_pos.orders: ~0 rows (approximately)
/*!40000 ALTER TABLE `orders` DISABLE KEYS */;
INSERT INTO `orders` (`id`, `date`, `status`, `table_id`, `user_id`) VALUES
	(1, '2017-12-12 00:00:00', 'CLOSED', 4, 2),
	(2, '2017-12-12 00:00:00', 'CLOSED', 4, 2),
	(3, '2017-12-12 00:00:00', 'CLOSED', 14, 2),
	(4, '2017-12-12 00:00:00', 'CLOSED', 3, 2),
	(5, '2017-12-12 00:00:00', 'CANCELLED', 8, 1),
	(6, '2017-12-13 00:00:00', 'CLOSED', 5, 1),
	(7, '2017-12-13 00:00:00', 'CLOSED', 7, 3),
	(8, '2017-12-13 00:00:00', 'CLOSED', 1, 4),
	(9, '2017-12-13 00:00:00', 'CLOSED', 3, 4),
	(10, '2017-12-13 00:00:00', 'CANCELLED', 4, 5),
	(11, '2017-12-14 00:00:00', 'CLOSED', 6, 2),
	(12, '2017-12-14 00:00:00', 'CLOSED', 8, 5),
	(13, '2017-12-14 00:00:00', 'CLOSED', 14, 1),
	(14, '2017-12-14 00:00:00', 'CLOSED', 10, 3),
	(15, '2017-12-14 00:00:00', 'CLOSED', 10, 4),
	(16, '2017-12-15 00:00:00', 'CLOSED', 6, 4),
	(17, '2017-12-15 00:00:00', 'CANCELLED', 7, 3),
	(18, '2017-12-15 00:00:00', 'CANCELLED', 5, 5),
	(19, '2017-12-15 00:00:00', 'CLOSED', 12, 1),
	(20, '2017-12-15 00:00:00', 'CLOSED', 2, 3),
	(21, '2017-12-16 00:00:00', 'CLOSED', 7, 2),
	(22, '2017-12-16 00:00:00', 'CLOSED', 3, 4),
	(23, '2017-12-16 00:00:00', 'CLOSED', 10, 1),
	(24, '2017-12-16 00:00:00', 'CANCELLED', 7, 4),
	(25, '2017-12-16 00:00:00', 'CLOSED', 1, 3),
	(26, '2017-12-17 00:00:00', 'CLOSED', 2, 2),
	(27, '2017-12-17 00:00:00', 'CLOSED', 12, 3),
	(28, '2017-12-17 00:00:00', 'CLOSED', 14, 1),
	(29, '2017-12-17 00:00:00', 'CLOSED', 8, 2),
	(30, '2017-12-17 00:00:00', 'CLOSED', 3, 4),
	(31, '2017-12-18 00:00:00', 'CLOSED', 10, 2),
	(32, '2017-12-18 00:00:00', 'CLOSED', 8, 5),
	(33, '2017-12-18 00:00:00', 'CLOSED', 13, 3),
	(34, '2017-12-18 00:00:00', 'CLOSED', 6, 1),
	(35, '2017-12-18 00:00:00', 'CLOSED', 13, 4),
	(36, '2017-12-19 00:00:00', 'CLOSED', 2, 2),
	(37, '2017-12-19 00:00:00', 'CLOSED', 3, 2),
	(38, '2017-12-19 00:00:00', 'CLOSED', 13, 4),
	(39, '2017-12-19 00:00:00', 'CANCELLED', 8, 1),
	(40, '2017-12-19 00:00:00', 'CLOSED', 13, 1),
	(41, '2017-12-20 00:00:00', 'CLOSED', 8, 4),
	(42, '2017-12-20 00:00:00', 'CLOSED', 5, 1),
	(43, '2017-12-20 00:00:00', 'CLOSED', 15, 2),
	(44, '2017-12-20 00:00:00', 'CLOSED', 3, 1),
	(45, '2017-12-20 00:00:00', 'CLOSED', 4, 1),
	(46, '2017-12-21 00:00:00', 'CLOSED', 3, 3),
	(47, '2017-12-21 00:00:00', 'CLOSED', 14, 3),
	(48, '2017-12-21 00:00:00', 'CLOSED', 15, 4),
	(49, '2017-12-21 00:00:00', 'CLOSED', 6, 1),
	(50, '2017-12-21 00:00:00', 'CLOSED', 15, 5),
	(51, '2017-12-22 00:00:00', 'CLOSED', 2, 4),
	(52, '2017-12-22 00:00:00', 'CANCELLED', 14, 4),
	(53, '2017-12-22 00:00:00', 'CLOSED', 7, 5),
	(54, '2017-12-22 00:00:00', 'CLOSED', 11, 5),
	(55, '2017-12-22 00:00:00', 'CANCELLED', 4, 4),
	(56, '2017-12-23 00:00:00', 'CLOSED', 15, 2),
	(57, '2017-12-23 00:00:00', 'CANCELLED', 13, 3),
	(58, '2017-12-23 00:00:00', 'CLOSED', 12, 3),
	(59, '2017-12-23 00:00:00', 'CLOSED', 4, 1),
	(60, '2017-12-23 00:00:00', 'CLOSED', 13, 1),
	(61, '2017-12-24 00:00:00', 'CLOSED', 2, 4),
	(62, '2017-12-24 00:00:00', 'CLOSED', 15, 5),
	(63, '2017-12-24 00:00:00', 'CLOSED', 4, 1),
	(64, '2017-12-24 00:00:00', 'CLOSED', 9, 2),
	(65, '2017-12-24 00:00:00', 'CLOSED', 5, 3),
	(66, '2017-12-25 00:00:00', 'CLOSED', 10, 3),
	(67, '2017-12-25 00:00:00', 'CLOSED', 9, 4),
	(68, '2017-12-25 00:00:00', 'CLOSED', 10, 1),
	(69, '2017-12-25 00:00:00', 'CLOSED', 5, 1),
	(70, '2017-12-25 00:00:00', 'CLOSED', 15, 4),
	(71, '2017-12-26 00:00:00', 'CLOSED', 12, 1),
	(72, '2017-12-26 00:00:00', 'CLOSED', 11, 2),
	(73, '2017-12-26 00:00:00', 'CLOSED', 5, 2),
	(74, '2017-12-26 00:00:00', 'CLOSED', 6, 3),
	(75, '2017-12-26 00:00:00', 'CLOSED', 8, 1),
	(76, '2017-12-27 00:00:00', 'CANCELLED', 10, 1),
	(77, '2017-12-27 00:00:00', 'CLOSED', 10, 1),
	(78, '2017-12-27 00:00:00', 'CLOSED', 9, 4),
	(79, '2017-12-27 00:00:00', 'CLOSED', 2, 4),
	(80, '2017-12-27 00:00:00', 'CLOSED', 12, 5),
	(81, '2017-12-28 00:00:00', 'CLOSED', 6, 1),
	(82, '2017-12-28 00:00:00', 'CLOSED', 14, 1),
	(83, '2017-12-28 00:00:00', 'CLOSED', 13, 1),
	(84, '2017-12-28 00:00:00', 'CLOSED', 4, 4),
	(85, '2017-12-28 00:00:00', 'CLOSED', 5, 3),
	(86, '2017-12-29 00:00:00', 'CLOSED', 11, 1),
	(87, '2017-12-29 00:00:00', 'CLOSED', 5, 1),
	(88, '2017-12-29 00:00:00', 'CLOSED', 3, 1),
	(89, '2017-12-29 00:00:00', 'CLOSED', 7, 2),
	(90, '2017-12-29 00:00:00', 'CLOSED', 11, 2),
	(91, '2017-12-30 00:00:00', 'CLOSED', 3, 1),
	(92, '2017-12-30 00:00:00', 'CLOSED', 11, 1),
	(93, '2017-12-30 00:00:00', 'CLOSED', 9, 1),
	(94, '2017-12-30 00:00:00', 'CLOSED', 10, 4),
	(95, '2017-12-30 00:00:00', 'CLOSED', 15, 1),
	(96, '2017-12-31 00:00:00', 'CLOSED', 2, 3),
	(97, '2017-12-31 00:00:00', 'CLOSED', 9, 2),
	(98, '2017-12-31 00:00:00', 'CLOSED', 9, 3),
	(99, '2017-12-31 00:00:00', 'CLOSED', 1, 2),
	(100, '2017-12-31 00:00:00', 'CLOSED', 2, 1);
/*!40000 ALTER TABLE `orders` ENABLE KEYS */;

-- Dumping structure for table bar_pos.order_products
CREATE TABLE IF NOT EXISTS `order_products` (
  `product_quantity` int(11) DEFAULT NULL,
  `product_id` bigint(20) NOT NULL,
  `order_id` bigint(20) NOT NULL,
  PRIMARY KEY (`order_id`,`product_id`),
  KEY `FKdxjduvg7991r4qja26fsckxv8` (`product_id`),
  CONSTRAINT `FKawxpt1ns1sr7al76nvjkv21of` FOREIGN KEY (`order_id`) REFERENCES `orders` (`id`),
  CONSTRAINT `FKdxjduvg7991r4qja26fsckxv8` FOREIGN KEY (`product_id`) REFERENCES `products` (`id`)
) ENGINE=InnoDB DEFAULT CHARSET=utf8;

-- Dumping data for table bar_pos.order_products: ~0 rows (approximately)
/*!40000 ALTER TABLE `order_products` DISABLE KEYS */;
INSERT INTO `order_products` (`product_quantity`, `product_id`, `order_id`) VALUES
	(4, 1, 1),
	(3, 10, 1),
	(2, 11, 1),
	(4, 15, 1),
	(2, 28, 1),
	(1, 2, 2),
	(5, 8, 2),
	(1, 9, 2),
	(5, 10, 2),
	(1, 11, 2),
	(3, 5, 3),
	(3, 7, 3),
	(3, 11, 3),
	(1, 14, 3),
	(3, 20, 3),
	(4, 8, 4),
	(1, 9, 4),
	(4, 22, 4),
	(1, 24, 4),
	(1, 26, 4),
	(3, 1, 5),
	(2, 3, 5),
	(5, 6, 5),
	(5, 18, 5),
	(2, 21, 5),
	(1, 1, 6),
	(2, 13, 6),
	(2, 14, 6),
	(1, 20, 6),
	(5, 26, 6),
	(1, 1, 7),
	(3, 4, 7),
	(3, 19, 7),
	(4, 20, 7),
	(3, 28, 7),
	(3, 1, 8),
	(4, 7, 8),
	(3, 13, 8),
	(5, 14, 8),
	(5, 26, 8),
	(2, 1, 9),
	(2, 7, 9),
	(5, 9, 9),
	(1, 10, 9),
	(4, 11, 9),
	(1, 4, 10),
	(5, 12, 10),
	(2, 21, 10),
	(5, 30, 10),
	(5, 4, 11),
	(5, 19, 11),
	(2, 28, 11),
	(1, 29, 11),
	(4, 30, 11),
	(5, 8, 12),
	(5, 11, 12),
	(2, 14, 12),
	(4, 16, 12),
	(2, 26, 12),
	(2, 2, 13),
	(5, 10, 13),
	(3, 12, 13),
	(1, 15, 13),
	(1, 17, 13),
	(1, 7, 14),
	(3, 8, 14),
	(1, 11, 14),
	(2, 23, 14),
	(2, 4, 15),
	(4, 7, 15),
	(3, 13, 15),
	(2, 16, 15),
	(5, 22, 15),
	(1, 2, 16),
	(3, 3, 16),
	(3, 13, 16),
	(1, 21, 16),
	(3, 30, 16),
	(3, 4, 17),
	(4, 6, 17),
	(1, 10, 17),
	(5, 17, 17),
	(2, 1, 18),
	(1, 13, 18),
	(4, 16, 18),
	(2, 24, 18),
	(2, 26, 18),
	(5, 12, 19),
	(1, 14, 19),
	(2, 16, 19),
	(2, 29, 19),
	(3, 30, 19),
	(4, 2, 20),
	(5, 5, 20),
	(4, 8, 20),
	(5, 12, 20),
	(2, 28, 20),
	(2, 1, 21),
	(4, 6, 21),
	(1, 12, 21),
	(2, 28, 21),
	(4, 30, 21),
	(5, 7, 22),
	(4, 9, 22),
	(2, 12, 22),
	(5, 14, 22),
	(1, 19, 22),
	(1, 9, 23),
	(2, 11, 23),
	(5, 16, 23),
	(2, 21, 23),
	(4, 26, 23),
	(4, 11, 24),
	(4, 15, 24),
	(4, 23, 24),
	(4, 27, 24),
	(3, 30, 24),
	(3, 3, 25),
	(1, 18, 25),
	(1, 21, 25),
	(5, 25, 25),
	(1, 2, 26),
	(2, 7, 26),
	(5, 17, 26),
	(4, 18, 26),
	(4, 25, 26),
	(2, 1, 27),
	(4, 4, 27),
	(3, 13, 27),
	(2, 26, 27),
	(3, 3, 28),
	(1, 5, 28),
	(4, 26, 28),
	(3, 29, 28),
	(3, 6, 29),
	(5, 8, 29),
	(5, 13, 29),
	(5, 21, 29),
	(2, 30, 29),
	(5, 7, 30),
	(3, 9, 30),
	(2, 19, 30),
	(3, 28, 30),
	(2, 29, 30),
	(5, 4, 31),
	(4, 8, 31),
	(5, 15, 31),
	(3, 19, 31),
	(5, 22, 31),
	(3, 2, 32),
	(3, 9, 32),
	(1, 19, 32),
	(1, 24, 32),
	(3, 28, 32),
	(3, 10, 33),
	(1, 23, 33),
	(4, 25, 33),
	(3, 27, 33),
	(5, 6, 34),
	(2, 8, 34),
	(4, 10, 34),
	(4, 11, 34),
	(4, 29, 34),
	(3, 4, 35),
	(4, 12, 35),
	(2, 20, 35),
	(1, 25, 35),
	(3, 26, 35),
	(4, 13, 36),
	(3, 15, 36),
	(4, 24, 36),
	(3, 29, 36),
	(5, 6, 37),
	(5, 7, 37),
	(1, 11, 37),
	(5, 12, 37),
	(5, 23, 37),
	(3, 1, 38),
	(2, 4, 38),
	(2, 10, 38),
	(2, 17, 38),
	(1, 22, 38),
	(3, 13, 39),
	(1, 19, 39),
	(2, 23, 39),
	(1, 25, 39),
	(4, 1, 40),
	(1, 16, 40),
	(4, 18, 40),
	(3, 24, 40),
	(1, 25, 40),
	(5, 2, 41),
	(3, 10, 41),
	(5, 13, 41),
	(1, 15, 41),
	(1, 25, 41),
	(1, 4, 42),
	(5, 11, 42),
	(3, 19, 42),
	(5, 28, 42),
	(3, 1, 43),
	(5, 7, 43),
	(5, 16, 43),
	(1, 20, 43),
	(1, 23, 43),
	(3, 6, 44),
	(4, 15, 44),
	(4, 16, 44),
	(2, 21, 44),
	(1, 29, 44),
	(2, 4, 45),
	(2, 13, 45),
	(3, 17, 45),
	(5, 19, 45),
	(1, 28, 45),
	(2, 6, 46),
	(1, 19, 46),
	(3, 25, 46),
	(2, 27, 46),
	(3, 8, 47),
	(3, 15, 47),
	(4, 21, 47),
	(3, 23, 47),
	(5, 25, 47),
	(5, 5, 48),
	(5, 15, 48),
	(4, 16, 48),
	(1, 23, 48),
	(5, 16, 49),
	(3, 26, 49),
	(3, 27, 49),
	(3, 28, 49),
	(2, 29, 49),
	(4, 12, 50),
	(1, 15, 50),
	(1, 27, 50),
	(1, 29, 50),
	(5, 10, 51),
	(4, 11, 51),
	(4, 14, 51),
	(4, 23, 51),
	(2, 30, 51),
	(4, 8, 52),
	(5, 12, 52),
	(1, 14, 52),
	(1, 17, 52),
	(2, 19, 52),
	(3, 1, 53),
	(5, 7, 53),
	(3, 19, 53),
	(2, 23, 53),
	(4, 24, 53),
	(5, 4, 54),
	(1, 8, 54),
	(3, 19, 54),
	(2, 23, 54),
	(4, 30, 54),
	(5, 3, 55),
	(5, 11, 55),
	(3, 12, 55),
	(4, 14, 55),
	(5, 28, 55),
	(5, 3, 56),
	(3, 13, 56),
	(5, 30, 56),
	(1, 1, 57),
	(4, 4, 57),
	(5, 6, 57),
	(5, 15, 57),
	(3, 19, 57),
	(2, 13, 58),
	(1, 15, 58),
	(4, 16, 58),
	(2, 17, 58),
	(4, 19, 59),
	(3, 22, 59),
	(4, 25, 59),
	(1, 30, 59),
	(1, 7, 60),
	(4, 11, 60),
	(4, 19, 60),
	(2, 22, 60),
	(2, 2, 61),
	(1, 15, 61),
	(3, 16, 61),
	(1, 26, 61),
	(5, 27, 61),
	(2, 7, 62),
	(5, 11, 62),
	(3, 22, 62),
	(5, 27, 62),
	(5, 1, 63),
	(2, 6, 63),
	(3, 8, 63),
	(1, 15, 63),
	(2, 22, 63),
	(3, 10, 64),
	(1, 14, 64),
	(4, 23, 64),
	(2, 24, 64),
	(5, 6, 65),
	(2, 8, 65),
	(5, 9, 65),
	(3, 16, 65),
	(1, 30, 65),
	(2, 8, 66),
	(3, 15, 66),
	(1, 22, 66),
	(3, 27, 66),
	(4, 1, 67),
	(2, 14, 67),
	(2, 20, 67),
	(1, 26, 67),
	(1, 29, 67),
	(4, 4, 68),
	(4, 14, 68),
	(1, 19, 68),
	(2, 23, 68),
	(3, 30, 68),
	(3, 7, 69),
	(3, 15, 69),
	(1, 17, 69),
	(5, 25, 69),
	(3, 9, 70),
	(1, 13, 70),
	(4, 22, 70),
	(5, 27, 70),
	(2, 28, 70),
	(3, 4, 71),
	(5, 6, 71),
	(3, 10, 71),
	(2, 14, 71),
	(4, 25, 71),
	(3, 5, 72),
	(1, 23, 72),
	(2, 26, 72),
	(4, 30, 72),
	(3, 1, 73),
	(1, 3, 73),
	(2, 18, 73),
	(3, 22, 73),
	(5, 27, 73),
	(2, 4, 74),
	(4, 6, 74),
	(2, 8, 74),
	(2, 26, 74),
	(2, 30, 74),
	(1, 5, 75),
	(2, 7, 75),
	(4, 10, 75),
	(1, 13, 75),
	(3, 4, 76),
	(5, 6, 76),
	(3, 19, 76),
	(4, 22, 76),
	(5, 29, 76),
	(4, 13, 77),
	(3, 22, 77),
	(5, 24, 77),
	(2, 29, 77),
	(2, 2, 78),
	(2, 13, 78),
	(3, 22, 78),
	(4, 24, 78),
	(3, 27, 78),
	(5, 14, 79),
	(5, 15, 79),
	(4, 20, 79),
	(3, 24, 79),
	(3, 30, 79),
	(3, 2, 80),
	(1, 7, 80),
	(3, 8, 80),
	(5, 22, 80),
	(3, 29, 80),
	(2, 3, 81),
	(5, 16, 81),
	(3, 17, 81),
	(3, 28, 81),
	(3, 6, 82),
	(3, 9, 82),
	(1, 18, 82),
	(2, 25, 82),
	(1, 3, 83),
	(4, 9, 83),
	(1, 11, 83),
	(4, 30, 83),
	(1, 3, 84),
	(4, 8, 84),
	(2, 19, 84),
	(4, 24, 84),
	(4, 28, 84),
	(3, 5, 85),
	(5, 6, 85),
	(2, 19, 85),
	(1, 29, 85),
	(4, 30, 85),
	(5, 6, 86),
	(3, 10, 86),
	(4, 15, 86),
	(2, 17, 86),
	(3, 18, 86),
	(4, 8, 87),
	(4, 10, 87),
	(4, 15, 87),
	(4, 22, 87),
	(2, 4, 88),
	(3, 8, 88),
	(4, 17, 88),
	(5, 20, 88),
	(3, 3, 89),
	(1, 13, 89),
	(1, 15, 89),
	(2, 17, 89),
	(1, 20, 89),
	(5, 9, 90),
	(4, 12, 90),
	(4, 14, 90),
	(1, 17, 90),
	(1, 3, 91),
	(5, 7, 91),
	(1, 8, 91),
	(2, 17, 91),
	(1, 18, 91),
	(4, 12, 92),
	(5, 16, 92),
	(3, 18, 92),
	(2, 24, 92),
	(2, 26, 92),
	(4, 3, 93),
	(3, 19, 93),
	(2, 22, 93),
	(5, 27, 93),
	(3, 28, 93),
	(4, 6, 94),
	(2, 8, 94),
	(2, 15, 94),
	(2, 25, 94),
	(1, 27, 94),
	(4, 6, 95),
	(2, 11, 95),
	(1, 14, 95),
	(3, 15, 95),
	(1, 24, 95),
	(3, 9, 96),
	(3, 21, 96),
	(4, 24, 96),
	(5, 29, 96),
	(2, 30, 96),
	(4, 9, 97),
	(2, 13, 97),
	(5, 20, 97),
	(5, 5, 98),
	(4, 10, 98),
	(3, 22, 98),
	(2, 23, 98),
	(4, 28, 98),
	(2, 4, 99),
	(2, 17, 99),
	(3, 22, 99),
	(4, 23, 99),
	(4, 24, 99),
	(4, 1, 100),
	(4, 6, 100),
	(4, 9, 100),
	(5, 10, 100),
	(1, 22, 100);
/*!40000 ALTER TABLE `order_products` ENABLE KEYS */;

-- Dumping structure for table bar_pos.products
CREATE TABLE IF NOT EXISTS `products` (
  `id` bigint(20) NOT NULL AUTO_INCREMENT,
  `available` bit(1) DEFAULT NULL,
  `barcode` varchar(255) DEFAULT NULL,
  `cost` double DEFAULT NULL,
  `description` varchar(255) DEFAULT NULL,
  `image_path` varchar(255) DEFAULT NULL,
  `name` varchar(255) NOT NULL,
  `price` double DEFAULT NULL,
  `stock_quantity` int(11) DEFAULT NULL,
  `category_id` bigint(20) DEFAULT NULL,
  PRIMARY KEY (`id`),
  UNIQUE KEY `UK_qfr8vf85k3q1xinifvsl1eynf` (`barcode`),
  KEY `FK_category_id` (`category_id`),
  CONSTRAINT `FK_category_id` FOREIGN KEY (`category_id`) REFERENCES `categories` (`id`)
) ENGINE=InnoDB AUTO_INCREMENT=31 DEFAULT CHARSET=utf8;

-- Dumping data for table bar_pos.products: ~30 rows (approximately)
/*!40000 ALTER TABLE `products` DISABLE KEYS */;
INSERT INTO `products` (`id`, `available`, `barcode`, `cost`, `description`, `image_path`, `name`, `price`, `stock_quantity`, `category_id`) VALUES
	(1, b'1', '18756', 1.25, NULL, NULL, 'Espresso', 2, 100, 1),
	(2, b'1', '78576', 2.4, NULL, NULL, 'Cappuccino', 3.5, 126, 1),
	(3, b'1', '43982', 2.2, NULL, NULL, 'Latte', 3.2, 116, 1),
	(4, b'1', '15584', 2, NULL, NULL, 'Hot chocolate', 3.2, 94, 1),
	(5, b'1', '12473', 0.8, NULL, NULL, 'Tea', 2, 124, 1),
	(6, b'1', '87236', 0.8, NULL, NULL, 'Coca-cola products', 2.5, 118, 2),
	(7, b'1', '16987', 1.2, NULL, NULL, 'Fresh juice', 3, 145, 2),
	(8, b'1', '42369', 0.8, NULL, NULL, 'Ice tea', 2.5, 134, 2),
	(9, b'1', '02793', 0.75, NULL, NULL, 'Mineral water', 1.5, 151, 2),
	(10, b'1', '72341', 4.8, 'Rum, sugar, lemon juice', NULL, 'Daiquiri', 6.8, 142, 3),
	(11, b'1', '02397', 4.8, 'Rum, mint, lime, sugar', NULL, 'Mojito', 6.8, 147, 3),
	(12, b'1', '14963', 4.8, 'Rum, lime, coca-cola', NULL, 'Cuba Libre', 6.8, 150, 3),
	(13, b'1', '56987', 4.8, 'Whiskey, martini rosso, angostura', NULL, 'Manhattan', 8.2, 150, 3),
	(14, b'1', '43297', 4.8, 'Vodka, salt, pepper, tomato juice, worcester and tabasco sauce', NULL, 'Bloody Mary', 6.8, 156, 3),
	(15, b'1', '34769', 4.8, 'Vodka, Cointreau, Cranberry juice', NULL, 'Cosmopolitan', 7.2, 136, 3),
	(16, b'1', '61497', 4.8, 'Tequila, lemon juice, Cointreau', NULL, 'Margarita', 7, 144, 3),
	(17, b'1', '41873', 1.3, NULL, NULL, 'Zagorka', 3.2, 164, 5),
	(18, b'1', '07285', 1.3, NULL, NULL, 'Zagorka Retro', 3.2, 176, 5),
	(19, b'1', '07824', 1.3, NULL, NULL, 'Stolichno', 3.5, 145, 5),
	(20, b'1', '55876', 1.8, NULL, NULL, 'Heineken', 4, 172, 5),
	(21, b'1', '22463', 3, NULL, NULL, 'Johnnie Walker', 4.9, 178, 6),
	(22, b'1', '88965', 3, NULL, NULL, 'Johnnie Walker Black', 7, 139, 6),
	(23, b'1', '72368', 3, NULL, NULL, 'Johnnie Walker Blue', 9, 160, 6),
	(24, b'1', '66974', 3, NULL, NULL, 'Glenfiddich', 9, 156, 6),
	(25, b'1', '99687', 3, NULL, NULL, 'Jameson', 5.2, 158, 6),
	(26, b'1', '88325', 3, NULL, NULL, 'Absolut', 4.2, 161, 8),
	(27, b'1', '22779', 3, NULL, NULL, 'Beefeater', 5, 155, 7),
	(28, b'1', '44556', 3, NULL, NULL, 'Tanqueray', 5.2, 153, 7),
	(29, b'1', '99966', 3, NULL, NULL, 'Almonds', 6, 164, 9),
	(30, b'1', '33442', 3, NULL, NULL, 'Hazelnuts', 6, 141, 9);
/*!40000 ALTER TABLE `products` ENABLE KEYS */;

-- Dumping structure for table bar_pos.users
CREATE TABLE IF NOT EXISTS `users` (
  `id` bigint(20) NOT NULL AUTO_INCREMENT,
  `is_active` bit(1) DEFAULT NULL,
  `name` varchar(255) DEFAULT NULL,
  `password_hash` varchar(255) NOT NULL,
  `role` varchar(255) DEFAULT NULL,
  PRIMARY KEY (`id`),
  UNIQUE KEY `UK_3g1j96g94xpk3lpxl2qbl985x` (`name`)
) ENGINE=InnoDB AUTO_INCREMENT=6 DEFAULT CHARSET=utf8;

-- Dumping data for table bar_pos.users: ~5 rows (approximately)
/*!40000 ALTER TABLE `users` DISABLE KEYS */;
INSERT INTO `users` (`id`, `is_active`, `name`, `password_hash`, `role`) VALUES
	(1, b'1', 'Peter', '$2a$04$v1KhIqXZmMqC0n3NpGe2l.dSkaITGBkIBwXBvyhdqzHpfWmRFeikC', 'ADMIN'),
	(2, b'1', 'Anton', '$2a$04$v1KhIqXZmMqC0n3NpGe2l.dSkaITGBkIBwXBvyhdqzHpfWmRFeikC', 'WAITER'),
	(3, b'1', 'Maria', '$2a$04$v1KhIqXZmMqC0n3NpGe2l.dSkaITGBkIBwXBvyhdqzHpfWmRFeikC', 'WAITER'),
	(4, b'1', 'Christina', '$2a$04$v1KhIqXZmMqC0n3NpGe2l.dSkaITGBkIBwXBvyhdqzHpfWmRFeikC', 'WAITER'),
	(5, b'1', 'Ivan', '$2a$04$v1KhIqXZmMqC0n3NpGe2l.dSkaITGBkIBwXBvyhdqzHpfWmRFeikC', 'WAITER');
/*!40000 ALTER TABLE `users` ENABLE KEYS */;

/*!40101 SET SQL_MODE=IFNULL(@OLD_SQL_MODE, '') */;
/*!40014 SET FOREIGN_KEY_CHECKS=IF(@OLD_FOREIGN_KEY_CHECKS IS NULL, 1, @OLD_FOREIGN_KEY_CHECKS) */;
/*!40101 SET CHARACTER_SET_CLIENT=@OLD_CHARACTER_SET_CLIENT */;
